farm_id,crop,date,sm_avg_7d,rain_sum_7d,temp_var_7d,humidity_avg_7d,sm_deviation,rain_deviation,yield_idx,tier
UG-GUL-0002,maize,2025-10-28T00:00:00,4.574,3.44,2.105,48.227,17.426,22.227,0.0,0
UG-GUL-0002,maize,2025-10-29T00:00:00,4.267,3.44,1.792,46.504,17.733,22.227,0.0,0
UG-GUL-0002,maize,2025-10-30T00:00:00,3.91,3.44,2.947,47.919,18.09,22.227,0.0,0
UG-GUL-0002,maize,2025-10-31T00:00:00,4.07,3.44,3.104,48.91,17.93,22.227,0.025,0
UG-GUL-0002,maize,2025-11-01T00:00:00,3.759,6.08,2.334,48.306,18.241,19.587,0.068,0
UG-GUL-0002,maize,2025-11-02T00:00:00,3.893,3.76,1.871,48.659,18.107,21.907,0.0,0
UG-GUL-0002,maize,2025-11-03T00:00:00,4.107,3.76,2.933,48.06,17.893,21.907,0.0,0
UG-GUL-0002,maize,2025-11-04T00:00:00,4.067,3.76,2.861,47.31,17.933,21.907,0.0,0
UG-GUL-0002,maize,2025-11-05T00:00:00,3.976,3.76,1.678,48.56,18.024,21.907,0.0,0
UG-GUL-0002,maize,2025-11-06T00:00:00,4.189,3.76,2.41,46.969,17.811,21.907,0.0,0
UG-GUL-0002,maize,2025-11-07T00:00:00,4.15,3.84,2.755,46.66,17.85,21.827,0.024,0
UG-GUL-0002,maize,2025-11-08T00:00:00,4.219,0.08,3.871,46.751,17.781,25.587,0.0,0
UG-GUL-0002,maize,2025-11-09T00:00:00,3.966,0.08,4.201,46.124,18.034,25.587,0.0,0
UG-GUL-0002,maize,2025-11-10T00:00:00,4.063,0.08,3.103,46.444,17.937,25.587,0.0,0
UG-GUL-0002,maize,2025-11-11T00:00:00,4.097,0.08,2.487,47.143,17.903,25.587,0.0,0
UG-GUL-0002,maize,2025-11-12T00:00:00,4.134,0.08,2.489,46.277,17.866,25.587,0.05,0
UG-GUL-0002,maize,2025-11-13T00:00:00,4.361,0.08,2.232,45.457,17.639,25.587,0.0,0
UG-GUL-0002,maize,2025-11-14T00:00:00,4.547,0.35,1.538,44.01,17.453,25.317,0.0,0
UG-GUL-0002,maize,2025-11-15T00:00:00,4.609,0.35,1.468,44.577,17.391,25.317,0.064,0
UG-GUL-0002,maize,2025-11-16T00:00:00,4.41,3.23,1.559,43.531,17.59,22.437,0.0,0
UG-GUL-0002,maize,2025-11-17T00:00:00,4.306,4.68,2.036,43.114,17.694,20.987,0.0,0
UG-GUL-0002,maize,2025-11-18T00:00:00,3.981,4.68,1.899,42.779,18.019,20.987,0.0,0
UG-GUL-0002,maize,2025-11-19T00:00:00,3.847,4.68,2.197,43.29,18.153,20.987,0.0,0
UG-GUL-0002,maize,2025-11-20T00:00:00,3.921,4.97,2.302,43.466,18.079,20.697,0.052,0
UG-GUL-0002,maize,2025-11-21T00:00:00,3.579,4.62,2.343,44.826,18.421,21.047,0.0,0
UG-GUL-0002,maize,2025-11-22T00:00:00,3.57,4.62,2.224,45.856,18.43,21.047,0.052,0
UG-GUL-0002,maize,2025-11-23T00:00:00,3.56,1.74,1.798,45.767,18.44,23.927,0.0,0
UG-GUL-0002,maize,2025-11-24T00:00:00,3.539,1.55,1.479,45.793,18.461,24.117,0.0,0
UG-GUL-0002,maize,2025-11-25T00:00:00,3.47,1.55,1.513,46.973,18.53,24.117,0.0,0
UG-GUL-0002,maize,2025-11-26T00:00:00,3.789,3.13,2.24,48.171,18.211,22.537,0.0,0
UG-GUL-0002,maize,2025-11-27T00:00:00,3.317,2.84,1.963,48.657,18.683,22.827,0.0,0
UG-GUL-0002,maize,2025-11-28T00:00:00,3.527,2.84,3.064,47.92,18.473,22.827,0.0,0
UG-GUL-0002,maize,2025-11-29T00:00:00,3.21,2.84,3.347,47.564,18.79,22.827,0.05,0
UG-GUL-0002,maize,2025-11-30T00:00:00,3.29,2.84,3.209,48.937,18.71,22.827,0.0,0
UG-GUL-0002,maize,2025-12-01T00:00:00,4.091,1.58,2.839,50.23,17.909,24.087,0.0,0
UG-GUL-0002,maize,2025-12-02T00:00:00,4.509,1.58,3.876,49.671,17.491,24.087,0.0,0
UG-GUL-0002,maize,2025-12-03T00:00:00,4.664,0.46,2.894,48.911,17.336,25.207,0.0,0
UG-GUL-0002,maize,2025-12-04T00:00:00,5.127,2.1,2.651,49.307,16.873,23.567,0.0,0
UG-GUL-0002,maize,2025-12-05T00:00:00,5.004,3.46,1.924,49.474,16.996,22.207,0.0,0
UG-GUL-0002,maize,2025-12-06T00:00:00,5.493,3.46,1.797,49.297,16.507,22.207,0.022,0
UG-GUL-0002,maize,2025-12-07T00:00:00,5.74,3.46,1.898,49.183,16.26,22.207,0.091,0
UG-GUL-0002,maize,2025-12-08T00:00:00,5.381,3.46,2.148,48.804,16.619,22.207,0.0,0
UG-GUL-0002,maize,2025-12-09T00:00:00,5.367,3.46,1.845,49.479,16.633,22.207,0.032,0
UG-GUL-0002,maize,2025-12-10T00:00:00,5.463,3.0,1.95,49.483,16.537,22.667,0.0,0
UG-GUL-0002,maize,2025-12-11T00:00:00,5.56,1.36,2.812,48.757,16.44,24.307,0.0,0
UG-GUL-0002,maize,2025-12-12T00:00:00,5.98,0.0,4.18,49.856,16.02,25.667,0.0,0
UG-GUL-0002,maize,2025-12-13T00:00:00,6.363,0.0,4.154,50.54,15.637,25.667,0.044,0
UG-GUL-0002,maize,2025-12-14T00:00:00,6.081,0.51,6.229,49.91,15.919,25.157,0.0,0
UG-GUL-0002,maize,2025-12-15T00:00:00,5.796,0.71,4.099,49.62,16.204,24.957,0.0,0
UG-GUL-0002,maize,2025-12-16T00:00:00,5.546,1.81,2.942,49.627,16.454,23.857,0.0,0
UG-GUL-0002,maize,2025-12-17T00:00:00,5.95,1.81,2.853,49.277,16.05,23.857,0.0,0
UG-GUL-0002,maize,2025-12-18T00:00:00,5.801,1.81,2.949,50.317,16.199,23.857,0.012,0
UG-GUL-0002,maize,2025-12-19T00:00:00,5.343,1.81,3.309,51.141,16.657,23.857,0.017,0
UG-GUL-0002,maize,2025-12-20T00:00:00,5.176,3.12,3.338,50.419,16.824,22.547,0.0,0
UG-GUL-0002,maize,2025-12-21T00:00:00,5.791,3.27,1.507,51.59,16.209,22.397,0.0,0
UG-GUL-0002,maize,2025-12-22T00:00:00,6.136,3.07,1.656,53.591,15.864,22.597,0.019,0
UG-GUL-0002,maize,2025-12-23T00:00:00,6.556,2.69,3.194,53.493,15.444,22.977,0.0,0
UG-GUL-0002,maize,2025-12-24T00:00:00,6.447,2.69,3.082,52.96,15.553,22.977,0.0,0
UG-GUL-0002,maize,2025-12-25T00:00:00,6.481,2.69,5.998,53.577,15.519,22.977,0.089,0
UG-GUL-0002,maize,2025-12-26T00:00:00,7.093,2.69,5.02,53.074,14.907,22.977,0.0,0
UG-GUL-0002,maize,2025-12-27T00:00:00,7.143,5.26,5.186,53.713,14.857,20.407,0.0,0
UG-GUL-0002,maize,2025-12-28T00:00:00,7.073,5.99,3.826,52.083,14.927,19.677,0.0,0
UG-GUL-0002,maize,2025-12-29T00:00:00,7.171,5.99,1.874,50.933,14.829,19.677,0.08,0
UG-GUL-0002,maize,2025-12-30T00:00:00,7.74,5.31,2.268,52.167,14.26,20.357,0.034,0
UG-GUL-0002,maize,2025-12-31T00:00:00,8.009,6.71,2.807,53.396,13.991,18.957,0.022,0
UG-GUL-0002,maize,2026-01-01T00:00:00,8.417,9.89,1.123,53.649,13.583,15.777,0.165,0
UG-GUL-0002,maize,2026-01-02T00:00:00,8.617,14.01,1.189,54.167,13.383,11.657,0.205,0
UG-GUL-0002,maize,2026-01-03T00:00:00,9.246,15.19,1.09,54.026,12.754,10.477,0.124,0
UG-GUL-0002,maize,2026-01-04T00:00:00,9.281,14.85,1.216,56.13,12.719,10.817,0.057,0
UG-GUL-0002,maize,2026-01-05T00:00:00,9.6,16.6,1.305,58.203,12.4,9.067,0.219,0
UG-GUL-0002,maize,2026-01-06T00:00:00,9.72,18.53,1.068,58.221,12.28,7.137,0.154,0
UG-GUL-0002,maize,2026-01-07T00:00:00,9.671,18.61,0.784,57.831,12.329,7.057,0.23,0
UG-GUL-0002,maize,2026-01-08T00:00:00,9.737,16.56,0.745,58.841,12.263,9.107,0.077,0
UG-GUL-0002,maize,2026-01-09T00:00:00,9.336,15.09,1.321,59.784,12.664,10.577,0.197,0
UG-GUL-0002,maize,2026-01-10T00:00:00,9.377,14.48,1.329,59.95,12.623,11.187,0.088,0
UG-GUL-0002,maize,2026-01-11T00:00:00,9.623,17.13,1.744,58.854,12.377,8.537,0.206,0
UG-GUL-0002,maize,2026-01-12T00:00:00,9.979,16.62,2.348,57.936,12.021,9.047,0.167,0
UG-GUL-0002,maize,2026-01-13T00:00:00,9.819,16.13,2.239,57.696,12.181,9.537,0.113,0
UG-GUL-0002,maize,2026-01-14T00:00:00,9.796,18.41,2.079,58.944,12.204,7.257,0.16,0
UG-GUL-0002,maize,2026-01-15T00:00:00,10.01,22.34,5.476,56.894,11.99,3.327,0.231,0
UG-GUL-0002,maize,2026-01-16T00:00:00,10.339,19.95,5.43,57.289,11.661,5.717,0.188,0
UG-GUL-0002,maize,2026-01-17T00:00:00,9.954,18.35,5.427,57.964,12.046,7.317,0.193,0
UG-GUL-0002,maize,2026-01-18T00:00:00,10.134,19.67,5.523,59.039,11.866,5.997,0.276,0
UG-GUL-0002,maize,2026-01-19T00:00:00,9.539,24.54,4.101,59.66,12.461,1.127,0.135,0
UG-GUL-0002,maize,2026-01-20T00:00:00,9.456,25.61,3.729,61.913,12.544,0.057,0.304,0
UG-GUL-0002,maize,2026-01-21T00:00:00,9.666,27.18,2.595,62.631,12.334,1.513,0.226,0
UG-GUL-0002,maize,2026-01-22T00:00:00,9.533,25.32,0.877,64.123,12.467,0.347,0.197,0
UG-GUL-0002,maize,2026-01-23T00:00:00,9.897,29.94,0.709,63.504,12.103,4.273,0.151,0
UG-GUL-0002,maize,2026-01-24T00:00:00,10.13,32.41,1.585,63.673,11.87,6.743,0.183,0
UG-GUL-0002,maize,2026-01-25T00:00:00,10.449,35.13,3.567,64.18,11.551,9.463,0.209,0
UG-GUL-0002,maize,2026-01-26T00:00:00,11.174,33.87,3.514,63.066,10.826,8.203,0.178,0
UG-GUL-0002,maize,2026-01-27T00:00:00,11.204,34.63,5.786,61.974,10.796,8.963,0.244,0
UG-GUL-0002,maize,2026-01-28T00:00:00,11.41,33.35,5.677,62.293,10.59,7.683,0.109,0
UG-GUL-0002,maize,2026-01-29T00:00:00,12.126,34.36,5.657,63.29,9.874,8.693,0.184,0
UG-GUL-0002,maize,2026-01-30T00:00:00,12.299,34.62,6.394,62.741,9.701,8.953,0.12,0
UG-GUL-0002,maize,2026-01-31T00:00:00,12.746,33.82,5.751,62.156,9.254,8.153,0.216,0
UG-GUL-0002,maize,2026-02-01T00:00:00,12.571,30.68,2.809,62.747,9.429,5.013,0.279,0
UG-GUL-0002,maize,2026-02-02T00:00:00,12.763,29.35,2.179,64.369,9.237,3.683,0.231,0
UG-GUL-0002,maize,2026-02-03T00:00:00,13.259,31.28,1.88,64.886,8.741,5.613,0.116,0
UG-GUL-0002,maize,2026-02-04T00:00:00,13.047,31.01,2.36,64.876,8.953,5.343,0.252,0
UG-GUL-0002,maize,2026-02-05T00:00:00,12.5,28.73,2.368,63.247,9.5,3.063,0.274,0
UG-GUL-0002,maize,2026-02-06T00:00:00,12.671,25.76,2.078,62.666,9.329,0.093,0.301,0
UG-GUL-0002,maize,2026-02-07T00:00:00,12.187,28.7,2.318,64.054,9.813,3.033,0.31,0
UG-GUL-0002,maize,2026-02-08T00:00:00,12.087,30.27,4.132,63.639,9.913,4.603,0.17,0
UG-GUL-0002,maize,2026-02-09T00:00:00,11.16,28.2,5.622,61.881,10.84,2.533,0.254,0
UG-GUL-0002,maize,2026-02-10T00:00:00,11.159,29.97,5.589,61.877,10.841,4.303,0.265,0
UG-GUL-0002,maize,2026-02-11T00:00:00,11.403,31.97,5.465,62.071,10.597,6.303,0.105,0
UG-GUL-0002,maize,2026-02-12T00:00:00,11.497,32.8,5.556,62.971,10.503,7.133,0.204,0
UG-GUL-0002,maize,2026-02-13T00:00:00,10.746,32.93,4.871,63.781,11.254,7.263,0.154,0
UG-GUL-0002,maize,2026-02-14T00:00:00,10.959,31.59,2.744,61.987,11.041,5.923,0.2,0
UG-GUL-0002,maize,2026-02-15T00:00:00,10.903,27.74,2.339,62.096,11.097,2.073,0.254,0
UG-GUL-0002,maize,2026-02-16T00:00:00,11.631,30.78,2.852,62.343,10.369,5.113,0.195,0
UG-GUL-0002,maize,2026-02-17T00:00:00,11.253,24.86,1.426,62.269,10.747,0.807,0.225,0
UG-GUL-0002,maize,2026-02-18T00:00:00,11.109,23.79,1.336,63.043,10.891,1.877,0.25,0
UG-GUL-0002,maize,2026-02-19T00:00:00,11.109,25.52,1.471,63.62,10.891,0.147,0.207,0
UG-GUL-0002,maize,2026-02-20T00:00:00,11.51,26.05,1.438,63.911,10.49,0.383,0.211,0
UG-GUL-0002,maize,2026-02-21T00:00:00,11.123,21.65,1.812,64.504,10.877,4.017,0.262,0
UG-GUL-0002,maize,2026-02-22T00:00:00,11.169,22.93,1.812,65.51,10.831,2.737,0.181,0
UG-GUL-0002,maize,2026-02-23T00:00:00,10.857,20.93,1.093,67.937,11.143,4.737,0.257,0
UG-GUL-0002,maize,2026-02-24T00:00:00,10.691,25.24,1.086,67.849,11.309,0.427,0.279,0
UG-GUL-0002,maize,2026-02-25T00:00:00,10.62,24.71,1.187,66.689,11.38,0.957,0.164,0
UG-GUL-0002,maize,2026-02-26T00:00:00,10.781,23.16,1.843,65.23,11.219,2.507,0.201,0
UG-GUL-0002,maize,2026-02-27T00:00:00,10.709,22.74,2.577,66.771,11.291,2.927,0.285,0
UG-GUL-0002,maize,2026-02-28T00:00:00,11.389,26.13,3.169,68.314,10.611,0.463,0.202,0
UG-GUL-0002,maize,2026-03-01T00:00:00,11.417,25.29,3.442,66.573,10.583,0.377,0.228,0
UG-GUL-0002,maize,2026-03-02T00:00:00,11.369,26.74,4.473,64.354,10.631,1.073,0.263,0
UG-GUL-0002,maize,2026-03-03T00:00:00,11.646,25.82,5.651,64.507,10.354,0.153,0.285,0
UG-GUL-0002,maize,2026-03-04T00:00:00,11.157,27.86,5.617,63.591,10.843,2.193,0.21,0
UG-GUL-0002,maize,2026-03-05T00:00:00,11.257,27.21,4.126,64.363,10.743,1.543,0.206,0
UG-GUL-0002,maize,2026-03-06T00:00:00,11.337,29.52,1.433,62.356,10.663,3.853,0.306,0
UG-GUL-0002,maize,2026-03-07T00:00:00,10.906,27.76,1.71,60.359,11.094,2.093,0.328,0
UG-GUL-0002,maize,2026-03-08T00:00:00,10.743,30.69,2.832,61.32,11.257,5.023,0.256,0
UG-GUL-0002,maize,2026-03-09T00:00:00,10.556,32.61,2.394,61.764,11.444,6.943,0.196,0
UG-GUL-0002,maize,2026-03-10T00:00:00,10.96,31.88,1.513,60.731,11.04,6.213,0.17,0
UG-GUL-0002,maize,2026-03-11T00:00:00,11.37,30.36,1.503,62.051,10.63,4.693,0.187,0
UG-GUL-0002,maize,2026-03-12T00:00:00,10.696,28.07,1.916,62.219,11.304,2.403,0.26,0
UG-GUL-0002,maize,2026-03-13T00:00:00,10.207,27.26,2.906,64.414,11.793,1.593,0.247,0
UG-GUL-0002,maize,2026-03-14T00:00:00,10.066,27.12,3.071,64.737,11.934,1.453,0.294,0
UG-GUL-0002,maize,2026-03-15T00:00:00,10.351,24.93,2.304,64.271,11.649,0.737,0.272,0
UG-GUL-0002,maize,2026-03-16T00:00:00,10.344,21.6,3.098,63.363,11.656,4.067,0.132,0
UG-GUL-0002,maize,2026-03-17T00:00:00,9.814,20.69,3.032,63.303,12.186,4.977,0.245,0
UG-GUL-0002,maize,2026-03-18T00:00:00,9.927,18.64,3.397,62.923,12.073,7.027,0.126,0
UG-GUL-0002,maize,2026-03-19T00:00:00,10.326,21.27,3.107,61.336,11.674,4.397,0.185,0
UG-GUL-0002,maize,2026-03-20T00:00:00,10.217,18.65,1.054,59.127,11.783,7.017,0.209,0
UG-GUL-0002,maize,2026-03-21T00:00:00,10.111,17.72,1.044,59.246,11.889,7.947,0.287,0
UG-GUL-0002,maize,2026-03-22T00:00:00,9.789,14.66,2.261,58.609,12.211,11.007,0.304,0
UG-GUL-0002,maize,2026-03-23T00:00:00,9.537,17.41,2.187,59.707,12.463,8.257,0.198,0
UG-GUL-0002,maize,2026-03-24T00:00:00,9.234,16.99,2.74,59.157,12.766,8.677,0.147,0
UG-GUL-0002,maize,2026-03-25T00:00:00,8.706,15.59,2.759,58.374,13.294,10.077,0.163,0
UG-GUL-0002,maize,2026-03-26T00:00:00,8.286,15.76,2.714,59.837,13.714,9.907,0.176,0
UG-GUL-0002,maize,2026-03-27T00:00:00,8.63,14.47,3.249,60.31,13.37,11.197,0.108,0
UG-GUL-0002,maize,2026-03-28T00:00:00,8.163,12.19,3.125,58.344,13.837,13.477,0.189,0
UG-GUL-0002,maize,2026-03-29T00:00:00,8.141,12.22,1.917,56.261,13.859,13.447,0.118,0
UG-GUL-0002,maize,2026-03-30T00:00:00,8.163,6.94,1.948,55.186,13.837,18.727,0.09,0
UG-GUL-0002,maize,2026-03-31T00:00:00,8.074,6.17,1.493,54.391,13.926,19.497,0.094,0
UG-GUL-0002,maize,2026-04-01T00:00:00,8.364,6.17,1.424,53.263,13.636,19.497,0.087,0
UG-GUL-0002,maize,2026-04-02T00:00:00,8.086,4.23,1.577,53.293,13.914,21.437,0.087,0
UG-GUL-0002,maize,2026-04-03T00:00:00,7.401,8.28,1.375,52.133,14.599,17.387,0.038,0
UG-GUL-0002,maize,2026-04-04T00:00:00,7.429,8.28,1.95,54.38,14.571,17.387,0.036,0
UG-GUL-0002,maize,2026-04-05T00:00:00,7.323,13.02,1.802,55.454,14.677,12.647,0.047,0
UG-GUL-0002,maize,2026-04-06T00:00:00,7.489,16.42,1.889,56.096,14.511,9.247,0.153,0
UG-GUL-0002,maize,2026-04-07T00:00:00,7.363,16.38,1.751,55.964,14.637,9.287,0.169,0
UG-GUL-0002,maize,2026-04-08T00:00:00,7.419,15.13,1.906,56.421,14.581,10.537,0.142,0
UG-GUL-0002,maize,2026-04-09T00:00:00,7.069,17.16,1.801,54.39,14.931,8.507,0.215,0
UG-GUL-0002,maize,2026-04-10T00:00:00,7.01,15.87,1.14,54.716,14.99,9.797,0.125,0
UG-GUL-0002,maize,2026-04-11T00:00:00,7.269,15.87,0.81,54.149,14.731,9.797,0.166,0
UG-GUL-0002,maize,2026-04-12T00:00:00,6.9,13.51,0.769,54.646,15.1,12.157,0.054,0
UG-GUL-0002,maize,2026-04-13T00:00:00,6.701,10.11,2.962,53.863,15.299,15.557,0.042,0
UG-GUL-0002,maize,2026-04-14T00:00:00,6.576,11.57,2.63,54.384,15.424,14.097,0.108,0
UG-GUL-0002,maize,2026-04-15T00:00:00,6.099,11.57,2.978,53.33,15.901,14.097,0.107,0
UG-GUL-0002,maize,2026-04-16T00:00:00,6.043,12.62,3.868,52.693,15.957,13.047,0.052,0
UG-GUL-0002,maize,2026-04-17T00:00:00,6.111,10.21,3.854,52.449,15.889,15.457,0.045,0
UG-GUL-0002,maize,2026-04-18T00:00:00,5.956,10.21,3.602,51.27,16.044,15.457,0.0,0
UG-GUL-0002,maize,2026-04-19T00:00:00,5.851,7.9,4.377,51.096,16.149,17.767,0.006,0
UG-MBL-0001,coffee,2025-10-28T00:00:00,25.041,14.3,1.467,46.747,2.959,18.367,0.729,2
UG-MBL-0001,coffee,2025-10-29T00:00:00,24.903,11.32,1.467,46.757,3.097,21.347,0.687,1
UG-MBL-0001,coffee,2025-10-30T00:00:00,24.824,9.35,1.632,45.12,3.176,23.317,0.665,1
UG-MBL-0001,coffee,2025-10-31T00:00:00,24.77,7.76,1.931,45.386,3.23,24.907,0.627,1
UG-MBL-0001,coffee,2025-11-01T00:00:00,24.711,9.56,1.407,45.373,3.289,23.107,0.642,1
UG-MBL-0001,coffee,2025-11-02T00:00:00,24.616,10.06,1.223,46.949,3.384,22.607,0.613,1
UG-MBL-0001,coffee,2025-11-03T00:00:00,24.496,10.2,1.554,47.513,3.504,22.467,0.678,1
UG-MBL-0001,coffee,2025-11-04T00:00:00,24.423,14.16,2.102,47.741,3.577,18.507,0.69,1
UG-MBL-0001,coffee,2025-11-05T00:00:00,24.35,15.7,2.142,46.957,3.65,16.967,0.705,2
UG-MBL-0001,coffee,2025-11-06T00:00:00,24.271,11.92,2.162,46.829,3.729,20.747,0.622,1
UG-MBL-0001,coffee,2025-11-07T00:00:00,24.243,13.57,2.287,47.269,3.757,19.097,0.553,1
UG-MBL-0001,coffee,2025-11-08T00:00:00,24.177,14.26,2.321,48.457,3.823,18.407,0.72,2
UG-MBL-0001,coffee,2025-11-09T00:00:00,24.194,13.2,3.198,48.174,3.806,19.467,0.627,1
UG-MBL-0001,coffee,2025-11-10T00:00:00,24.141,12.52,1.758,46.926,3.859,20.147,0.611,1
UG-MBL-0001,coffee,2025-11-11T00:00:00,24.124,13.22,1.732,45.799,3.876,19.447,0.695,1
UG-MBL-0001,coffee,2025-11-12T00:00:00,24.093,14.22,1.792,45.256,3.907,18.447,0.647,1
UG-MBL-0001,coffee,2025-11-13T00:00:00,24.063,16.09,1.719,46.733,3.937,16.577,0.735,2
UG-MBL-0001,coffee,2025-11-14T00:00:00,23.974,15.33,1.36,44.913,4.026,17.337,0.708,2
UG-MBL-0001,coffee,2025-11-15T00:00:00,23.953,14.52,1.107,43.601,4.047,18.147,0.707,2
UG-MBL-0001,coffee,2025-11-16T00:00:00,23.88,15.5,0.396,42.407,4.12,17.167,0.62,1
UG-MBL-0001,coffee,2025-11-17T00:00:00,23.861,19.04,0.427,43.93,4.139,13.627,0.776,2
UG-MBL-0001,coffee,2025-11-18T00:00:00,23.877,14.38,0.387,44.271,4.123,18.287,0.692,1
UG-MBL-0001,coffee,2025-11-19T00:00:00,23.916,12.17,2.129,44.254,4.084,20.497,0.627,1
UG-MBL-0001,coffee,2025-11-20T00:00:00,23.943,14.29,2.914,44.113,4.057,18.377,0.665,1
UG-MBL-0001,coffee,2025-11-21T00:00:00,24.017,17.93,3.253,44.183,3.983,14.737,0.597,1
UG-MBL-0001,coffee,2025-11-22T00:00:00,24.044,16.25,4.674,43.983,3.956,16.417,0.687,1
UG-MBL-0001,coffee,2025-11-23T00:00:00,24.129,15.27,4.751,44.654,3.871,17.397,0.608,1
UG-MBL-0001,coffee,2025-11-24T00:00:00,24.114,9.83,4.752,45.697,3.886,22.837,0.548,1
UG-MBL-0001,coffee,2025-11-25T00:00:00,24.099,13.29,4.879,44.909,3.901,19.377,0.566,1
UG-MBL-0001,coffee,2025-11-26T00:00:00,24.139,11.98,3.358,44.907,3.861,20.687,0.696,1
UG-MBL-0001,coffee,2025-11-27T00:00:00,24.189,7.99,2.669,43.521,3.811,24.677,0.581,1
UG-MBL-0001,coffee,2025-11-28T00:00:00,24.22,5.91,1.982,44.876,3.78,26.757,0.678,1
UG-MBL-0001,coffee,2025-11-29T00:00:00,24.213,8.49,0.835,44.887,3.787,24.177,0.605,1
UG-MBL-0001,coffee,2025-11-30T00:00:00,24.34,8.49,0.57,45.434,3.66,24.177,0.551,1
UG-MBL-0001,coffee,2025-12-01T00:00:00,24.399,12.9,0.59,43.88,3.601,19.767,0.617,1
UG-MBL-0001,coffee,2025-12-02T00:00:00,24.534,13.23,0.358,46.264,3.466,19.437,0.742,2
UG-MBL-0001,coffee,2025-12-03T00:00:00,24.579,13.65,0.681,45.711,3.421,19.017,0.672,1
UG-MBL-0001,coffee,2025-12-04T00:00:00,24.633,16.47,0.561,47.416,3.367,16.197,0.678,1
UG-MBL-0001,coffee,2025-12-05T00:00:00,24.683,15.82,0.955,49.293,3.317,16.847,0.704,2
UG-MBL-0001,coffee,2025-12-06T00:00:00,24.814,13.49,1.583,50.339,3.186,19.177,0.699,1
UG-MBL-0001,coffee,2025-12-07T00:00:00,24.804,16.9,1.595,50.019,3.196,15.767,0.757,2
UG-MBL-0001,coffee,2025-12-08T00:00:00,24.894,14.13,2.538,51.427,3.106,18.537,0.746,2
UG-MBL-0001,coffee,2025-12-09T00:00:00,24.95,13.29,2.916,50.567,3.05,19.377,0.647,1
UG-MBL-0001,coffee,2025-12-10T00:00:00,25.014,15.67,2.862,50.561,2.986,16.997,0.619,1
UG-MBL-0001,coffee,2025-12-11T00:00:00,25.129,17.78,2.862,50.96,2.871,14.887,0.683,1
UG-MBL-0001,coffee,2025-12-12T00:00:00,25.167,19.85,1.821,49.629,2.833,12.817,0.741,2
UG-MBL-0001,coffee,2025-12-13T00:00:00,25.264,23.67,7.202,50.349,2.736,8.997,0.685,1
UG-MBL-0001,coffee,2025-12-14T00:00:00,25.42,22.64,7.097,51.204,2.58,10.027,0.68,1
UG-MBL-0001,coffee,2025-12-15T00:00:00,25.53,23.13,6.182,50.92,2.47,9.537,0.754,2
UG-MBL-0001,coffee,2025-12-16T00:00:00,25.73,24.74,7.444,49.769,2.27,7.927,0.746,2
UG-MBL-0001,coffee,2025-12-17T00:00:00,25.86,25.34,7.565,50.099,2.14,7.327,0.756,2
UG-MBL-0001,coffee,2025-12-18T00:00:00,25.929,22.32,7.546,49.79,2.071,10.347,0.693,1
UG-MBL-0001,coffee,2025-12-19T00:00:00,26.109,26.2,7.533,50.171,1.891,6.467,0.753,2
UG-MBL-0001,coffee,2025-12-20T00:00:00,26.12,24.36,2.276,50.27,1.88,8.307,0.729,2
UG-MBL-0001,coffee,2025-12-21T00:00:00,26.167,26.64,2.007,50.653,1.833,6.027,0.84,2
UG-MBL-0001,coffee,2025-12-22T00:00:00,26.274,27.31,2.051,50.439,1.726,5.357,0.854,2
UG-MBL-0001,coffee,2025-12-23T00:00:00,26.377,24.08,0.94,52.563,1.623,8.587,0.695,1
UG-MBL-0001,coffee,2025-12-24T00:00:00,26.617,21.59,0.706,53.307,1.383,11.077,0.727,2
UG-MBL-0001,coffee,2025-12-25T00:00:00,26.833,24.62,0.821,54.031,1.167,8.047,0.725,2
UG-MBL-0001,coffee,2025-12-26T00:00:00,26.923,16.87,0.742,53.177,1.077,15.797,0.708,2
UG-MBL-0001,coffee,2025-12-27T00:00:00,27.133,22.16,1.382,51.88,0.867,10.507,0.775,2
UG-MBL-0001,coffee,2025-12-28T00:00:00,27.283,24.74,1.375,50.571,0.717,7.927,0.73,2
UG-MBL-0001,coffee,2025-12-29T00:00:00,27.519,24.44,1.374,51.706,0.481,8.227,0.757,2
UG-MBL-0001,coffee,2025-12-30T00:00:00,27.587,27.81,1.338,51.114,0.413,4.857,0.782,2
UG-MBL-0001,coffee,2025-12-31T00:00:00,27.637,34.74,0.776,50.917,0.363,2.073,0.871,2
UG-MBL-0001,coffee,2026-01-01T00:00:00,27.811,34.27,1.93,51.127,0.189,1.603,0.86,2
UG-MBL-0001,coffee,2026-01-02T00:00:00,28.0,38.73,1.84,51.849,0.0,6.063,0.788,2
UG-MBL-0001,coffee,2026-01-03T00:00:00,28.123,36.9,2.065,52.719,0.123,4.233,0.844,2
UG-MBL-0001,coffee,2026-01-04T00:00:00,28.317,36.36,2.021,54.537,0.317,3.693,0.81,2
UG-MBL-0001,coffee,2026-01-05T00:00:00,28.37,40.54,2.049,54.986,0.37,7.873,0.789,2
UG-MBL-0001,coffee,2026-01-06T00:00:00,28.497,43.68,2.043,55.18,0.497,11.013,0.86,2
UG-MBL-0001,coffee,2026-01-07T00:00:00,28.653,40.79,1.635,57.19,0.653,8.123,0.867,2
UG-MBL-0001,coffee,2026-01-08T00:00:00,28.733,44.41,0.766,57.123,0.733,11.743,0.713,2
UG-MBL-0001,coffee,2026-01-09T00:00:00,28.884,46.18,0.768,57.72,0.884,13.513,0.803,2
UG-MBL-0001,coffee,2026-01-10T00:00:00,29.047,44.53,0.515,60.044,1.047,11.863,0.816,2
UG-MBL-0001,coffee,2026-01-11T00:00:00,29.099,45.92,1.135,60.493,1.099,13.253,0.699,1
UG-MBL-0001,coffee,2026-01-12T00:00:00,29.291,45.09,1.175,59.746,1.291,12.423,0.801,2
UG-MBL-0001,coffee,2026-01-13T00:00:00,29.426,45.17,1.407,60.389,1.426,12.503,0.832,2
UG-MBL-0001,coffee,2026-01-14T00:00:00,29.496,47.1,1.469,59.523,1.496,14.433,0.682,1
UG-MBL-0001,coffee,2026-01-15T00:00:00,29.551,45.65,1.052,59.463,1.551,12.983,0.706,2
UG-MBL-0001,coffee,2026-01-16T00:00:00,29.627,42.76,1.066,58.863,1.627,10.093,0.825,2
UG-MBL-0001,coffee,2026-01-17T00:00:00,29.714,45.67,0.798,58.729,1.714,13.003,0.766,2
UG-MBL-0001,coffee,2026-01-18T00:00:00,29.914,43.95,0.468,57.749,1.914,11.283,0.795,2
UG-MBL-0001,coffee,2026-01-19T00:00:00,30.006,45.24,0.22,58.094,2.006,12.573,0.777,2
UG-MBL-0001,coffee,2026-01-20T00:00:00,30.141,43.68,0.866,58.776,2.141,11.013,0.781,2
UG-MBL-0001,coffee,2026-01-21T00:00:00,30.319,43.9,0.996,59.47,2.319,11.233,0.689,1
UG-MBL-0001,coffee,2026-01-22T00:00:00,30.469,44.04,1.302,60.464,2.469,11.373,0.802,2
UG-MBL-0001,coffee,2026-01-23T00:00:00,30.659,51.81,1.504,61.19,2.659,19.143,0.741,2
UG-MBL-0001,coffee,2026-01-24T00:00:00,30.831,56.11,1.488,59.82,2.831,23.443,0.634,1
UG-MBL-0001,coffee,2026-01-25T00:00:00,30.86,52.43,1.74,60.413,2.86,19.763,0.67,1
UG-MBL-0001,coffee,2026-01-26T00:00:00,30.926,52.98,1.712,62.589,2.926,20.313,0.591,1
UG-MBL-0001,coffee,2026-01-27T00:00:00,31.039,51.89,0.865,62.89,3.039,19.223,0.708,2
UG-MBL-0001,coffee,2026-01-28T00:00:00,31.044,54.28,1.94,62.774,3.044,21.613,0.682,1
UG-MBL-0001,coffee,2026-01-29T00:00:00,31.054,54.46,1.909,63.523,3.054,21.793,0.649,1
UG-MBL-0001,coffee,2026-01-30T00:00:00,31.009,50.6,2.137,64.314,3.009,17.933,0.738,2
UG-MBL-0001,coffee,2026-01-31T00:00:00,31.033,44.51,2.162,64.991,3.033,11.843,0.714,2
UG-MBL-0001,coffee,2026-02-01T00:00:00,31.15,50.59,1.86,64.756,3.15,17.923,0.71,2
UG-MBL-0001,coffee,2026-02-02T00:00:00,31.19,50.95,1.98,63.063,3.19,18.283,0.627,1
UG-MBL-0001,coffee,2026-02-03T00:00:00,31.284,55.47,1.617,62.931,3.284,22.803,0.642,1
UG-MBL-0001,coffee,2026-02-04T00:00:00,31.493,52.95,1.44,64.121,3.493,20.283,0.653,1
UG-MBL-0001,coffee,2026-02-05T00:00:00,31.654,51.56,1.379,63.877,3.654,18.893,0.682,1
UG-MBL-0001,coffee,2026-02-06T00:00:00,31.823,49.48,3.129,62.527,3.823,16.813,0.654,1
UG-MBL-0001,coffee,2026-02-07T00:00:00,31.881,54.89,3.127,62.81,3.881,22.223,0.622,1
UG-MBL-0001,coffee,2026-02-08T00:00:00,31.993,50.3,4.422,63.69,3.993,17.633,0.698,1
UG-MBL-0001,coffee,2026-02-09T00:00:00,32.117,45.73,3.976,64.267,4.117,13.063,0.672,1
UG-MBL-0001,coffee,2026-02-10T00:00:00,32.033,44.3,4.062,63.641,4.033,11.633,0.626,1
UG-MBL-0001,coffee,2026-02-11T00:00:00,31.956,44.85,3.267,63.713,3.956,12.183,0.795,2
UG-MBL-0001,coffee,2026-02-12T00:00:00,31.914,45.87,2.417,62.727,3.914,13.203,0.774,2
UG-MBL-0001,coffee,2026-02-13T00:00:00,31.889,47.25,1.864,63.387,3.889,14.583,0.633,1
UG-MBL-0001,coffee,2026-02-14T00:00:00,32.004,42.95,1.504,63.536,4.004,10.283,0.768,2
UG-MBL-0001,coffee,2026-02-15T00:00:00,31.946,47.66,1.04,64.154,3.946,14.993,0.675,1
UG-MBL-0001,coffee,2026-02-16T00:00:00,31.917,51.29,1.081,62.599,3.917,18.623,0.685,1
UG-MBL-0001,coffee,2026-02-17T00:00:00,31.913,53.88,1.707,63.106,3.913,21.213,0.66,1
UG-MBL-0001,coffee,2026-02-18T00:00:00,31.961,60.16,1.375,63.224,3.961,27.493,0.585,1
UG-MBL-0001,coffee,2026-02-19T00:00:00,31.994,57.99,1.561,63.926,3.994,25.323,0.573,1
UG-MBL-0001,coffee,2026-02-20T00:00:00,31.957,57.76,1.848,63.987,3.957,25.093,0.578,1
UG-MBL-0001,coffee,2026-02-21T00:00:00,31.931,59.07,2.251,64.857,3.931,26.403,0.554,1
UG-MBL-0001,coffee,2026-02-22T00:00:00,31.92,60.8,2.432,64.654,3.92,28.133,0.543,1
UG-MBL-0001,coffee,2026-02-23T00:00:00,31.874,59.48,2.358,65.253,3.874,26.813,0.593,1
UG-MBL-0001,coffee,2026-02-24T00:00:00,31.951,53.24,3.146,65.764,3.951,20.573,0.605,1
UG-MBL-0001,coffee,2026-02-25T00:00:00,31.866,45.73,3.134,64.267,3.866,13.063,0.736,2
UG-MBL-0001,coffee,2026-02-26T00:00:00,31.836,49.29,3.02,63.994,3.836,16.623,0.749,2
UG-MBL-0001,coffee,2026-02-27T00:00:00,31.817,49.21,2.535,65.203,3.817,16.543,0.65,1
UG-MBL-0001,coffee,2026-02-28T00:00:00,31.72,49.18,2.326,64.569,3.72,16.513,0.694,1
UG-MBL-0001,coffee,2026-03-01T00:00:00,31.596,44.54,2.42,64.466,3.596,11.873,0.745,2
UG-MBL-0001,coffee,2026-03-02T00:00:00,31.553,42.75,3.246,65.351,3.553,10.083,0.754,2
UG-MBL-0001,coffee,2026-03-03T00:00:00,31.466,46.52,1.089,63.614,3.466,13.853,0.72,2
UG-MBL-0001,coffee,2026-03-04T00:00:00,31.429,46.07,1.099,64.107,3.429,13.403,0.758,2
UG-MBL-0001,coffee,2026-03-05T00:00:00,31.323,47.19,1.206,63.563,3.323,14.523,0.736,2
UG-MBL-0001,coffee,2026-03-06T00:00:00,31.297,49.03,1.214,63.874,3.297,16.363,0.636,1
UG-MBL-0001,coffee,2026-03-07T00:00:00,31.094,49.59,1.199,63.003,3.094,16.923,0.74,2
UG-MBL-0001,coffee,2026-03-08T00:00:00,31.103,50.67,0.568,62.286,3.103,18.003,0.739,2
UG-MBL-0001,coffee,2026-03-09T00:00:00,31.103,54.16,0.673,61.75,3.103,21.493,0.627,1
UG-MBL-0001,coffee,2026-03-10T00:00:00,30.984,53.22,0.664,62.42,2.984,20.553,0.676,1
UG-MBL-0001,coffee,2026-03-11T00:00:00,30.909,55.79,2.812,61.927,2.909,23.123,0.672,1
UG-MBL-0001,coffee,2026-03-12T00:00:00,30.903,49.21,2.776,61.384,2.903,16.543,0.68,1
UG-MBL-0001,coffee,2026-03-13T00:00:00,30.69,47.68,2.289,61.31,2.69,15.013,0.763,2
UG-MBL-0001,coffee,2026-03-14T00:00:00,30.71,47.66,1.981,59.624,2.71,14.993,0.829,2
UG-MBL-0001,coffee,2026-03-15T00:00:00,30.6,43.99,1.914,60.293,2.6,11.323,0.703,2
UG-MBL-0001,coffee,2026-03-16T00:00:00,30.457,44.02,1.999,61.941,2.457,11.353,0.675,1
UG-MBL-0001,coffee,2026-03-17T00:00:00,30.376,41.73,1.798,61.36,2.376,9.063,0.78,2
UG-MBL-0001,coffee,2026-03-18T00:00:00,30.286,39.54,0.637,60.97,2.286,6.873,0.831,2
UG-MBL-0001,coffee,2026-03-19T00:00:00,30.14,45.08,0.703,61.039,2.14,12.413,0.74,2
UG-MBL-0001,coffee,2026-03-20T00:00:00,30.091,43.54,0.849,59.816,2.091,10.873,0.836,2
UG-MBL-0001,coffee,2026-03-21T00:00:00,29.99,42.99,0.963,62.064,1.99,10.323,0.701,2
UG-MBL-0001,coffee,2026-03-22T00:00:00,29.876,43.76,2.531,60.053,1.876,11.093,0.786,2
UG-MBL-0001,coffee,2026-03-23T00:00:00,29.661,43.15,3.375,58.08,1.661,10.483,0.724,2
UG-MBL-0001,coffee,2026-03-24T00:00:00,29.539,48.3,3.787,58.464,1.539,15.633,0.799,2
UG-MBL-0001,coffee,2026-03-25T00:00:00,29.38,48.45,3.572,58.646,1.38,15.783,0.815,2
UG-MBL-0001,coffee,2026-03-26T00:00:00,29.196,49.46,3.637,59.646,1.196,16.793,0.671,1
UG-MBL-0001,coffee,2026-03-27T00:00:00,29.144,47.68,3.058,58.959,1.144,15.013,0.7,2
UG-MBL-0001,coffee,2026-03-28T00:00:00,28.981,41.86,2.459,58.751,0.981,9.193,0.823,2
UG-MBL-0001,coffee,2026-03-29T00:00:00,28.823,40.68,1.988,58.124,0.823,8.013,0.776,2
UG-MBL-0001,coffee,2026-03-30T00:00:00,28.8,36.09,1.454,56.903,0.8,3.423,0.834,2
UG-MBL-0001,coffee,2026-03-31T00:00:00,28.639,29.97,1.525,55.397,0.639,2.697,0.845,2
UG-MBL-0001,coffee,2026-04-01T00:00:00,28.487,23.6,1.6,54.857,0.487,9.067,0.699,1
UG-MBL-0001,coffee,2026-04-02T00:00:00,28.374,22.82,1.71,54.359,0.374,9.847,0.789,2
UG-MBL-0001,coffee,2026-04-03T00:00:00,28.157,29.22,1.936,54.147,0.157,3.447,0.808,2
UG-MBL-0001,coffee,2026-04-04T00:00:00,28.019,32.28,1.716,52.607,0.019,0.387,0.846,2
UG-MBL-0001,coffee,2026-04-05T00:00:00,27.863,33.51,1.631,53.059,0.137,0.843,0.938,2
UG-MBL-0001,coffee,2026-04-06T00:00:00,27.659,34.86,1.637,54.714,0.341,2.193,0.789,2
UG-MBL-0001,coffee,2026-04-07T00:00:00,27.423,37.15,1.374,53.966,0.577,4.483,0.873,2
UG-MBL-0001,coffee,2026-04-08T00:00:00,27.283,38.31,1.323,53.109,0.717,5.643,0.807,2
UG-MBL-0001,coffee,2026-04-09T00:00:00,27.109,35.77,2.53,52.873,0.891,3.103,0.816,2
UG-MBL-0001,coffee,2026-04-10T00:00:00,27.016,28.87,2.256,52.843,0.984,3.797,0.864,2
UG-MBL-0001,coffee,2026-04-11T00:00:00,26.829,27.29,2.385,52.343,1.171,5.377,0.826,2
UG-MBL-0001,coffee,2026-04-12T00:00:00,26.751,25.94,2.04,53.226,1.249,6.727,0.827,2
UG-MBL-0001,coffee,2026-04-13T00:00:00,26.604,26.94,2.01,51.601,1.396,5.727,0.853,2
UG-MBL-0001,coffee,2026-04-14T00:00:00,26.601,25.61,2.563,52.624,1.399,7.057,0.774,2
UG-MBL-0001,coffee,2026-04-15T00:00:00,26.464,26.34,2.724,51.851,1.536,6.327,0.763,2
UG-MBL-0001,coffee,2026-04-16T00:00:00,26.319,21.24,2.119,51.879,1.681,11.427,0.7,1
UG-MBL-0001,coffee,2026-04-17T00:00:00,26.073,22.05,1.956,51.147,1.927,10.617,0.717,2
UG-MBL-0001,coffee,2026-04-18T00:00:00,25.979,21.81,1.956,51.894,2.021,10.857,0.902,2
UG-MBL-0001,coffee,2026-04-19T00:00:00,25.831,21.17,1.958,50.723,2.169,11.497,0.81,2
UG-MBR-0003,beans,2025-10-28T00:00:00,20.171,13.18,3.465,47.211,3.829,10.153,0.457,1
UG-MBR-0003,beans,2025-10-29T00:00:00,19.843,14.74,3.291,47.476,4.157,8.593,0.466,1
UG-MBR-0003,beans,2025-10-30T00:00:00,19.687,14.71,2.849,47.303,4.313,8.623,0.557,1
UG-MBR-0003,beans,2025-10-31T00:00:00,19.43,13.08,2.754,45.567,4.57,10.253,0.544,1
UG-MBR-0003,beans,2025-11-01T00:00:00,19.413,14.99,0.958,46.341,4.587,8.343,0.572,1
UG-MBR-0003,beans,2025-11-02T00:00:00,19.27,11.54,1.273,44.414,4.73,11.793,0.499,1
UG-MBR-0003,beans,2025-11-03T00:00:00,19.02,11.15,0.716,46.67,4.98,12.183,0.505,1
UG-MBR-0003,beans,2025-11-04T00:00:00,18.956,10.54,0.727,47.653,5.044,12.793,0.521,1
UG-MBR-0003,beans,2025-11-05T00:00:00,19.311,9.86,0.969,48.353,4.689,13.473,0.506,1
UG-MBR-0003,beans,2025-11-06T00:00:00,19.37,9.86,1.212,47.74,4.63,13.473,0.39,0
UG-MBR-0003,beans,2025-11-07T00:00:00,19.309,11.54,1.436,48.599,4.691,11.793,0.5,1
UG-MBR-0003,beans,2025-11-08T00:00:00,19.177,7.56,1.577,48.62,4.823,15.773,0.434,1
UG-MBR-0003,beans,2025-11-09T00:00:00,19.01,7.63,3.305,49.676,4.99,15.703,0.472,1
UG-MBR-0003,beans,2025-11-10T00:00:00,19.36,7.63,2.979,49.07,4.64,15.703,0.62,1
UG-MBR-0003,beans,2025-11-11T00:00:00,19.551,4.15,3.072,46.86,4.449,19.183,0.463,1
UG-MBR-0003,beans,2025-11-12T00:00:00,19.206,5.71,3.037,47.459,4.794,17.623,0.437,1
UG-MBR-0003,beans,2025-11-13T00:00:00,19.014,6.17,3.391,46.129,4.986,17.163,0.497,1
UG-MBR-0003,beans,2025-11-14T00:00:00,19.056,4.49,3.29,44.25,4.944,18.843,0.463,1
UG-MBR-0003,beans,2025-11-15T00:00:00,19.091,4.49,2.527,42.291,4.909,18.843,0.465,1
UG-MBR-0003,beans,2025-11-16T00:00:00,19.167,7.91,2.202,42.019,4.833,15.423,0.505,1
UG-MBR-0003,beans,2025-11-17T00:00:00,18.886,7.91,2.178,40.887,5.114,15.423,0.573,1
UG-MBR-0003,beans,2025-11-18T00:00:00,18.824,7.91,2.447,41.416,5.176,15.423,0.411,1
UG-MBR-0003,beans,2025-11-19T00:00:00,18.76,3.95,2.639,40.577,5.24,19.383,0.458,1
UG-MBR-0003,beans,2025-11-20T00:00:00,18.946,6.68,2.383,41.66,5.054,16.653,0.414,1
UG-MBR-0003,beans,2025-11-21T00:00:00,18.911,6.68,2.654,43.456,5.089,16.653,0.486,1
UG-MBR-0003,beans,2025-11-22T00:00:00,18.956,7.06,2.57,45.913,5.044,16.273,0.416,1
UG-MBR-0003,beans,2025-11-23T00:00:00,18.777,5.43,1.398,45.391,5.223,17.903,0.434,1
UG-MBR-0003,beans,2025-11-24T00:00:00,18.917,6.66,1.547,45.211,5.083,16.673,0.451,1
UG-MBR-0003,beans,2025-11-25T00:00:00,18.639,6.66,1.389,44.85,5.361,16.673,0.511,1
UG-MBR-0003,beans,2025-11-26T00:00:00,18.811,6.66,2.093,44.716,5.189,16.673,0.506,1
UG-MBR-0003,beans,2025-11-27T00:00:00,18.787,4.23,2.126,44.743,5.213,19.103,0.378,0
UG-MBR-0003,beans,2025-11-28T00:00:00,18.726,4.23,1.9,42.13,5.274,19.103,0.443,1
UG-MBR-0003,beans,2025-11-29T00:00:00,18.733,3.85,1.972,41.157,5.267,19.483,0.402,1
UG-MBR-0003,beans,2025-11-30T00:00:00,19.064,2.57,2.478,41.661,4.936,20.763,0.365,0
UG-MBR-0003,beans,2025-12-01T00:00:00,19.059,1.34,0.797,41.256,4.941,21.993,0.421,1
UG-MBR-0003,beans,2025-12-02T00:00:00,19.264,2.23,2.169,43.146,4.736,21.103,0.415,1
UG-MBR-0003,beans,2025-12-03T00:00:00,19.343,2.35,2.422,42.146,4.657,20.983,0.552,1
UG-MBR-0003,beans,2025-12-04T00:00:00,19.47,1.99,2.561,44.859,4.53,21.343,0.451,1
UG-MBR-0003,beans,2025-12-05T00:00:00,19.687,1.99,3.111,47.947,4.313,21.343,0.36,0
UG-MBR-0003,beans,2025-12-06T00:00:00,19.723,4.72,3.93,48.383,4.277,18.613,0.419,1
UG-MBR-0003,beans,2025-12-07T00:00:00,19.964,4.21,2.495,50.019,4.036,19.123,0.506,1
UG-MBR-0003,beans,2025-12-08T00:00:00,20.08,6.21,1.798,50.194,3.92,17.123,0.582,1
UG-MBR-0003,beans,2025-12-09T00:00:00,20.147,5.76,1.948,48.964,3.853,17.573,0.394,0
UG-MBR-0003,beans,2025-12-10T00:00:00,20.074,10.95,1.937,49.547,3.926,12.383,0.42,1
UG-MBR-0003,beans,2025-12-11T00:00:00,20.059,11.65,2.315,47.827,3.941,11.683,0.611,1
UG-MBR-0003,beans,2025-12-12T00:00:00,19.981,12.62,1.869,47.956,4.019,10.713,0.546,1
UG-MBR-0003,beans,2025-12-13T00:00:00,20.221,12.47,1.14,48.919,3.779,10.863,0.492,1
UG-MBR-0003,beans,2025-12-14T00:00:00,20.111,14.59,1.961,48.054,3.889,8.743,0.57,1
UG-MBR-0003,beans,2025-12-15T00:00:00,20.233,12.59,1.982,49.743,3.767,10.743,0.398,0
UG-MBR-0003,beans,2025-12-16T00:00:00,20.596,12.15,2.452,49.873,3.404,11.183,0.528,1
UG-MBR-0003,beans,2025-12-17T00:00:00,20.999,6.84,2.766,50.557,3.001,16.493,0.506,1
UG-MBR-0003,beans,2025-12-18T00:00:00,21.22,7.13,2.52,50.261,2.78,16.203,0.543,1
UG-MBR-0003,beans,2025-12-19T00:00:00,21.424,11.35,3.473,49.623,2.576,11.983,0.478,1
UG-MBR-0003,beans,2025-12-20T00:00:00,21.549,12.82,1.752,49.383,2.451,10.513,0.557,1
UG-MBR-0003,beans,2025-12-21T00:00:00,21.697,10.98,1.738,50.133,2.303,12.353,0.494,1
UG-MBR-0003,beans,2025-12-22T00:00:00,21.649,12.3,1.445,49.774,2.351,11.033,0.565,1
UG-MBR-0003,beans,2025-12-23T00:00:00,21.643,15.82,1.604,50.187,2.357,7.513,0.534,1
UG-MBR-0003,beans,2025-12-24T00:00:00,21.717,18.52,2.677,52.254,2.283,4.813,0.574,1
UG-MBR-0003,beans,2025-12-25T00:00:00,21.61,20.71,2.77,52.97,2.39,2.623,0.56,1
UG-MBR-0003,beans,2025-12-26T00:00:00,21.837,19.44,2.567,54.323,2.163,3.893,0.637,1
UG-MBR-0003,beans,2025-12-27T00:00:00,21.866,19.49,1.579,56.321,2.134,3.843,0.655,1
UG-MBR-0003,beans,2025-12-28T00:00:00,21.931,24.21,1.874,56.339,2.069,0.877,0.623,1
UG-MBR-0003,beans,2025-12-29T00:00:00,21.939,24.78,1.236,56.467,2.061,1.447,0.637,1
UG-MBR-0003,beans,2025-12-30T00:00:00,22.08,25.74,1.259,56.834,1.92,2.407,0.557,1
UG-MBR-0003,beans,2025-12-31T00:00:00,22.17,27.68,0.894,56.23,1.83,4.347,0.604,1
UG-MBR-0003,beans,2026-01-01T00:00:00,22.316,26.3,1.075,57.02,1.684,2.967,0.628,1
UG-MBR-0003,beans,2026-01-02T00:00:00,22.456,25.31,1.773,56.32,1.544,1.977,0.765,2
UG-MBR-0003,beans,2026-01-03T00:00:00,22.537,26.29,1.95,54.151,1.463,2.957,0.571,1
UG-MBR-0003,beans,2026-01-04T00:00:00,22.556,26.7,2.373,55.803,1.444,3.367,0.694,1
UG-MBR-0003,beans,2026-01-05T00:00:00,22.959,28.63,2.293,57.04,1.041,5.297,0.662,1
UG-MBR-0003,beans,2026-01-06T00:00:00,22.934,29.88,2.289,58.051,1.066,6.547,0.615,1
UG-MBR-0003,beans,2026-01-07T00:00:00,23.03,25.24,2.349,58.437,0.97,1.907,0.727,2
UG-MBR-0003,beans,2026-01-08T00:00:00,23.201,28.04,3.652,59.181,0.799,4.707,0.631,1
UG-MBR-0003,beans,2026-01-09T00:00:00,23.271,32.42,2.299,60.707,0.729,9.087,0.606,1
UG-MBR-0003,beans,2026-01-10T00:00:00,23.62,31.67,2.473,61.053,0.38,8.337,0.593,1
UG-MBR-0003,beans,2026-01-11T00:00:00,23.857,34.81,2.53,60.037,0.143,11.477,0.635,1
UG-MBR-0003,beans,2026-01-12T00:00:00,24.019,35.45,2.569,60.747,0.019,12.117,0.626,1
UG-MBR-0003,beans,2026-01-13T00:00:00,24.187,32.7,2.541,59.771,0.187,9.367,0.559,1
UG-MBR-0003,beans,2026-01-14T00:00:00,24.211,36.4,2.093,59.113,0.211,13.067,0.497,1
UG-MBR-0003,beans,2026-01-15T00:00:00,24.241,33.04,0.959,58.991,0.241,9.707,0.589,1
UG-MBR-0003,beans,2026-01-16T00:00:00,24.394,29.85,1.543,57.827,0.394,6.517,0.577,1
UG-MBR-0003,beans,2026-01-17T00:00:00,24.347,26.59,1.81,59.36,0.347,3.257,0.639,1
UG-MBR-0003,beans,2026-01-18T00:00:00,24.479,23.31,1.679,59.25,0.479,0.023,0.729,2
UG-MBR-0003,beans,2026-01-19T00:00:00,24.54,25.99,1.915,58.35,0.54,2.657,0.62,1
UG-MBR-0003,beans,2026-01-20T00:00:00,24.98,26.67,1.87,58.501,0.98,3.337,0.629,1
UG-MBR-0003,beans,2026-01-21T00:00:00,24.94,28.66,2.737,59.643,0.94,5.327,0.613,1
UG-MBR-0003,beans,2026-01-22T00:00:00,25.029,31.28,3.072,59.48,1.029,7.947,0.628,1
UG-MBR-0003,beans,2026-01-23T00:00:00,25.333,31.92,2.593,59.65,1.333,8.587,0.467,1
UG-MBR-0003,beans,2026-01-24T00:00:00,25.12,35.8,2.131,59.124,1.12,12.467,0.524,1
UG-MBR-0003,beans,2026-01-25T00:00:00,25.226,35.45,1.804,59.45,1.226,12.117,0.568,1
UG-MBR-0003,beans,2026-01-26T00:00:00,25.386,31.64,1.746,60.689,1.386,8.307,0.646,1
UG-MBR-0003,beans,2026-01-27T00:00:00,25.224,34.97,1.747,62.173,1.224,11.637,0.538,1
UG-MBR-0003,beans,2026-01-28T00:00:00,25.67,33.69,0.775,62.296,1.67,10.357,0.481,1
UG-MBR-0003,beans,2026-01-29T00:00:00,25.813,35.05,0.558,62.263,1.813,11.717,0.595,1
UG-MBR-0003,beans,2026-01-30T00:00:00,25.673,34.94,1.558,63.176,1.673,11.607,0.525,1
UG-MBR-0003,beans,2026-01-31T00:00:00,26.05,38.32,1.783,63.463,2.05,14.987,0.463,1
UG-MBR-0003,beans,2026-02-01T00:00:00,26.267,37.88,1.85,65.387,2.267,14.547,0.491,1
UG-MBR-0003,beans,2026-02-02T00:00:00,26.164,42.44,2.053,64.081,2.164,19.107,0.477,1
UG-MBR-0003,beans,2026-02-03T00:00:00,26.424,41.96,2.029,64.271,2.424,18.627,0.456,1
UG-MBR-0003,beans,2026-02-04T00:00:00,26.349,45.11,2.231,62.926,2.349,21.777,0.35,0
UG-MBR-0003,beans,2026-02-05T00:00:00,26.724,47.56,2.969,64.029,2.724,24.227,0.476,1
UG-MBR-0003,beans,2026-02-06T00:00:00,26.656,46.73,2.099,63.949,2.656,23.397,0.508,1
UG-MBR-0003,beans,2026-02-07T00:00:00,26.647,47.08,2.004,65.693,2.647,23.747,0.475,1
UG-MBR-0003,beans,2026-02-08T00:00:00,26.497,45.25,1.962,63.966,2.497,21.917,0.402,1
UG-MBR-0003,beans,2026-02-09T00:00:00,26.817,41.0,2.513,64.127,2.817,17.667,0.475,1
UG-MBR-0003,beans,2026-02-10T00:00:00,26.673,39.0,2.475,64.339,2.673,15.667,0.503,1
UG-MBR-0003,beans,2026-02-11T00:00:00,26.663,38.68,2.278,65.674,2.663,15.347,0.537,1
UG-MBR-0003,beans,2026-02-12T00:00:00,26.467,36.59,1.119,64.677,2.467,13.257,0.569,1
UG-MBR-0003,beans,2026-02-13T00:00:00,26.599,40.05,1.382,64.68,2.599,16.717,0.467,1
UG-MBR-0003,beans,2026-02-14T00:00:00,26.747,39.88,1.603,63.996,2.747,16.547,0.505,1
UG-MBR-0003,beans,2026-02-15T00:00:00,26.82,40.18,1.452,63.804,2.82,16.847,0.522,1
UG-MBR-0003,beans,2026-02-16T00:00:00,26.553,46.17,0.898,65.847,2.553,22.837,0.533,1
UG-MBR-0003,beans,2026-02-17T00:00:00,26.643,44.21,0.913,65.17,2.643,20.877,0.509,1
UG-MBR-0003,beans,2026-02-18T00:00:00,26.603,42.78,1.181,64.83,2.603,19.447,0.523,1
UG-MBR-0003,beans,2026-02-19T00:00:00,26.4,40.79,1.2,65.254,2.4,17.457,0.507,1
UG-MBR-0003,beans,2026-02-20T00:00:00,26.691,34.56,0.878,65.239,2.691,11.227,0.622,1
UG-MBR-0003,beans,2026-02-21T00:00:00,26.729,29.69,2.031,65.294,2.729,6.357,0.6,1
UG-MBR-0003,beans,2026-02-22T00:00:00,26.664,38.03,2.071,64.979,2.664,14.697,0.471,1
UG-MBR-0003,beans,2026-02-23T00:00:00,26.827,36.61,2.084,63.397,2.827,13.277,0.593,1
UG-MBR-0003,beans,2026-02-24T00:00:00,26.757,40.61,2.185,63.471,2.757,17.277,0.526,1
UG-MBR-0003,beans,2026-02-25T00:00:00,26.907,41.53,2.021,63.707,2.907,18.197,0.46,1
UG-MBR-0003,beans,2026-02-26T00:00:00,27.27,39.93,1.908,64.346,3.27,16.597,0.467,1
UG-MBR-0003,beans,2026-02-27T00:00:00,26.846,43.59,1.67,65.429,2.846,20.257,0.484,1
UG-MBR-0003,beans,2026-02-28T00:00:00,26.384,47.92,3.924,65.119,2.384,24.587,0.451,1
UG-MBR-0003,beans,2026-03-01T00:00:00,26.387,43.41,3.84,66.529,2.387,20.077,0.474,1
UG-MBR-0003,beans,2026-03-02T00:00:00,26.371,40.56,3.847,66.214,2.371,17.227,0.503,1
UG-MBR-0003,beans,2026-03-03T00:00:00,26.249,40.9,3.819,64.211,2.249,17.567,0.572,1
UG-MBR-0003,beans,2026-03-04T00:00:00,26.19,39.78,3.48,63.797,2.19,16.447,0.552,1
UG-MBR-0003,beans,2026-03-05T00:00:00,26.123,41.43,3.298,63.019,2.123,18.097,0.497,1
UG-MBR-0003,beans,2026-03-06T00:00:00,26.043,40.99,4.009,62.474,2.043,17.657,0.535,1
UG-MBR-0003,beans,2026-03-07T00:00:00,26.364,39.93,1.466,62.496,2.364,16.597,0.456,1
UG-MBR-0003,beans,2026-03-08T00:00:00,26.21,40.07,1.491,62.374,2.21,16.737,0.528,1
UG-MBR-0003,beans,2026-03-09T00:00:00,26.209,40.73,1.543,63.039,2.209,17.397,0.593,1
UG-MBR-0003,beans,2026-03-10T00:00:00,26.143,38.76,1.666,64.39,2.143,15.427,0.508,1
UG-MBR-0003,beans,2026-03-11T00:00:00,25.88,36.74,1.668,64.221,1.88,13.407,0.496,1
UG-MBR-0003,beans,2026-03-12T00:00:00,25.397,37.8,1.433,63.113,1.397,14.467,0.507,1
UG-MBR-0003,beans,2026-03-13T00:00:00,25.509,35.33,0.851,61.709,1.509,11.997,0.508,1
UG-MBR-0003,beans,2026-03-14T00:00:00,25.187,35.01,1.183,60.95,1.187,11.677,0.528,1
UG-MBR-0003,beans,2026-03-15T00:00:00,25.131,34.14,2.256,59.267,1.131,10.807,0.548,1
UG-MBR-0003,beans,2026-03-16T00:00:00,24.88,35.6,2.14,57.3,0.88,12.267,0.489,1
UG-MBR-0003,beans,2026-03-17T00:00:00,24.386,38.95,2.081,58.443,0.386,15.617,0.541,1
UG-MBR-0003,beans,2026-03-18T00:00:00,24.387,41.55,2.086,57.686,0.387,18.217,0.565,1
UG-MBR-0003,beans,2026-03-19T00:00:00,24.577,43.06,2.34,59.951,0.577,19.727,0.458,1
UG-MBR-0003,beans,2026-03-20T00:00:00,24.426,45.6,1.863,58.939,0.426,22.267,0.564,1
UG-MBR-0003,beans,2026-03-21T00:00:00,24.316,42.26,1.688,58.886,0.316,18.927,0.543,1
UG-MBR-0003,beans,2026-03-22T00:00:00,24.121,40.34,0.895,59.459,0.121,17.007,0.595,1
UG-MBR-0003,beans,2026-03-23T00:00:00,23.947,38.62,0.912,59.464,0.053,15.287,0.525,1
UG-MBR-0003,beans,2026-03-24T00:00:00,24.124,31.67,0.927,57.679,0.124,8.337,0.655,1
UG-MBR-0003,beans,2026-03-25T00:00:00,23.909,29.91,1.036,58.193,0.091,6.577,0.571,1
UG-MBR-0003,beans,2026-03-26T00:00:00,23.827,27.89,1.028,55.824,0.173,4.557,0.685,1
UG-MBR-0003,beans,2026-03-27T00:00:00,23.68,23.55,0.915,56.664,0.32,0.217,0.683,1
UG-MBR-0003,beans,2026-03-28T00:00:00,23.819,25.83,0.991,57.107,0.181,2.497,0.685,1
UG-MBR-0003,beans,2026-03-29T00:00:00,23.803,23.9,0.793,56.554,0.197,0.567,0.616,1
UG-MBR-0003,beans,2026-03-30T00:00:00,23.789,21.26,1.246,56.514,0.211,2.073,0.613,1
UG-MBR-0003,beans,2026-03-31T00:00:00,23.737,20.35,1.038,55.12,0.263,2.983,0.682,1
UG-MBR-0003,beans,2026-04-01T00:00:00,23.591,18.1,1.657,54.536,0.409,5.233,0.579,1
UG-MBR-0003,beans,2026-04-02T00:00:00,23.287,17.25,2.234,54.481,0.713,6.083,0.634,1
UG-MBR-0003,beans,2026-04-03T00:00:00,23.196,22.31,2.448,54.18,0.804,1.023,0.58,1
UG-MBR-0003,beans,2026-04-04T00:00:00,22.963,16.78,2.723,53.537,1.037,6.553,0.641,1
UG-MBR-0003,beans,2026-04-05T00:00:00,22.861,15.55,2.886,54.223,1.139,7.783,0.525,1
UG-MBR-0003,beans,2026-04-06T00:00:00,22.493,13.31,3.767,54.657,1.507,10.023,0.586,1
UG-MBR-0003,beans,2026-04-07T00:00:00,22.314,14.39,3.934,55.839,1.686,8.943,0.595,1
UG-MBR-0003,beans,2026-04-08T00:00:00,22.254,16.17,3.515,55.236,1.746,7.163,0.544,1
UG-MBR-0003,beans,2026-04-09T00:00:00,22.147,12.43,2.775,54.546,1.853,10.903,0.581,1
UG-MBR-0003,beans,2026-04-10T00:00:00,22.241,9.61,2.93,54.074,1.759,13.723,0.543,1
UG-MBR-0003,beans,2026-04-11T00:00:00,22.023,9.61,2.574,53.951,1.977,13.723,0.502,1
UG-MBR-0003,beans,2026-04-12T00:00:00,21.934,11.53,2.126,52.829,2.066,11.803,0.495,1
UG-MBR-0003,beans,2026-04-13T00:00:00,22.041,11.93,1.645,51.634,1.959,11.403,0.456,1
UG-MBR-0003,beans,2026-04-14T00:00:00,21.966,10.44,2.419,50.376,2.034,12.893,0.553,1
UG-MBR-0003,beans,2026-04-15T00:00:00,21.851,8.63,1.541,50.594,2.149,14.703,0.447,1
UG-MBR-0003,beans,2026-04-16T00:00:00,21.724,8.63,0.721,49.82,2.276,14.703,0.536,1
UG-MBR-0003,beans,2026-04-17T00:00:00,21.276,7.66,2.443,50.881,2.724,15.673,0.489,1
UG-MBR-0003,beans,2026-04-18T00:00:00,21.153,7.66,2.444,49.337,2.847,15.673,0.535,1
UG-MBR-0003,beans,2026-04-19T00:00:00,20.891,8.71,2.532,49.419,3.109,14.623,0.489,1
